{
  "Items": [
    {
      "Id": "1 sample value for column Id",
      "Text": "1 sample value for column Text",
      "CreationDateTime": "\/Date(1420457664000)\/",
      "UserId": "1 sample value for column UserId",
      "UserName": "1 sample value for column UserName",
      "UserScreenName": "1 sample value for column UserScreenName",
      "UserProfileImageUrl": "/Assets/ApplicationLogo.png",
      "Url": "1 sample value for column Url"
    },
    {
      "Id": "2 sample value for column Id",
      "Text": "2 sample value for column Text",
      "CreationDateTime": "\/Date(1420457664000)\/",
      "UserId": "2 sample value for column UserId",
      "UserName": "2 sample value for column UserName",
      "UserScreenName": "2 sample value for column UserScreenName",
      "UserProfileImageUrl": "/Assets/ApplicationLogo.png",
      "Url": "2 sample value for column Url"
    },
    {
      "Id": "3 sample value for column Id",
      "Text": "3 sample value for column Text",
      "CreationDateTime": "\/Date(1420457664000)\/",
      "UserId": "3 sample value for column UserId",
      "UserName": "3 sample value for column UserName",
      "UserScreenName": "3 sample value for column UserScreenName",
      "UserProfileImageUrl": "/Assets/ApplicationLogo.png",
      "Url": "3 sample value for column Url"
    },
    {
      "Id": "4 sample value for column Id",
      "Text": "4 sample value for column Text",
      "CreationDateTime": "\/Date(1420457664000)\/",
      "UserId": "4 sample value for column UserId",
      "UserName": "4 sample value for column UserName",
      "UserScreenName": "4 sample value for column UserScreenName",
      "UserProfileImageUrl": "/Assets/ApplicationLogo.png",
      "Url": "4 sample value for column Url"
    },
    {
      "Id": "5 sample value for column Id",
      "Text": "5 sample value for column Text",
      "CreationDateTime": "\/Date(1420457664000)\/",
      "UserId": "5 sample value for column UserId",
      "UserName": "5 sample value for column UserName",
      "UserScreenName": "5 sample value for column UserScreenName",
      "UserProfileImageUrl": "/Assets/ApplicationLogo.png",
      "Url": "5 sample value for column Url"
    },
    {
      "Id": "6 sample value for column Id",
      "Text": "6 sample value for column Text",
      "CreationDateTime": "\/Date(1420457664000)\/",
      "UserId": "6 sample value for column UserId",
      "UserName": "6 sample value for column UserName",
      "UserScreenName": "6 sample value for column UserScreenName",
      "UserProfileImageUrl": "/Assets/ApplicationLogo.png",
      "Url": "6 sample value for column Url"
    },
    {
      "Id": "7 sample value for column Id",
      "Text": "7 sample value for column Text",
      "CreationDateTime": "\/Date(1420457664000)\/",
      "UserId": "7 sample value for column UserId",
      "UserName": "7 sample value for column UserName",
      "UserScreenName": "7 sample value for column UserScreenName",
      "UserProfileImageUrl": "/Assets/ApplicationLogo.png",
      "Url": "7 sample value for column Url"
    },
    {
      "Id": "8 sample value for column Id",
      "Text": "8 sample value for column Text",
      "CreationDateTime": "\/Date(1420457664000)\/",
      "UserId": "8 sample value for column UserId",
      "UserName": "8 sample value for column UserName",
      "UserScreenName": "8 sample value for column UserScreenName",
      "UserProfileImageUrl": "/Assets/ApplicationLogo.png",
      "Url": "8 sample value for column Url"
    },
    {
      "Id": "9 sample value for column Id",
      "Text": "9 sample value for column Text",
      "CreationDateTime": "\/Date(1420457664000)\/",
      "UserId": "9 sample value for column UserId",
      "UserName": "9 sample value for column UserName",
      "UserScreenName": "9 sample value for column UserScreenName",
      "UserProfileImageUrl": "/Assets/ApplicationLogo.png",
      "Url": "9 sample value for column Url"
    },
    {
      "Id": "10 sample value for column Id",
      "Text": "10 sample value for column Text",
      "CreationDateTime": "\/Date(1420457664000)\/",
      "UserId": "10 sample value for column UserId",
      "UserName": "10 sample value for column UserName",
      "UserScreenName": "10 sample value for column UserScreenName",
      "UserProfileImageUrl": "/Assets/ApplicationLogo.png",
      "Url": "10 sample value for column Url"
    }
  ]
}