{
  "Items": [
    {
      "Title": "",
      "Subtitle": "",
      "Image": "/Assets/DataImages/PewDiePie.jpg",
      "Description": "Felix Arvid Ulf Kjellberg, better known by his online alias PewDiePie, is a Swedish video game commentator on YouTube. PewDiePie specializes in Let's Play videos of the horror and action video game genres. Since 15 August 2013, PewDiePie's channel has been the most subscribed channel on YouTube, being surpassed briefly in November and December 2013 by YouTube's Spotlight channel. Holding the position since 23 December 2013, the channel has reached over 32 million subscribers, as of November 2014. Additionally, his channel is one of the fastest growing YouTube channels, having grown from 3.5 million subscribers to 19 million in 2013.\r\n\r\nOn 19 July 2014, the channel surpassed RihannaVEVO to become the most viewed channel of all time. As of November 2014, the PewDiePie channel has received over 6.6 billion video views. As a highly popular internet figure, PewDiePie positively influenced the sales of indie games, raised money for charities, and portrayed himself in two episodes of South Park.",
      "_id": "58b0e59c-15e0-4359-8e78-72f142d571a6"
    }
  ]
}